architecture,traffic_type,traffic_variant,seed,x_size,y_size,clock_cycles_injection,clock_cycles_total,offered_events_per_cycle,generated_events,captured_events,transmitted_events,capture_loss,undrained_at_end,total_loss,event_loss_rate,successful_handshakes,cycles_per_handshake,throughput_injection_window,throughput_full_run,average_latency_cycles,maximum_latency_cycles,p95_latency_cycles,bits_transmitted,bits_per_event,output_req_high_cycles,output_utilization,ack_delay_cycles,notes,source_file
baseline,burst,burst_rate1.0_dur200,1,16,16,5000,5000,0.0478,239,200,200,39,0,39,0.16317992,200,25.0,0.04,0.04,122.66,441,365,1800,9.0,200,0.04,0,unexpected_output=0;duplicate_output=0;ack_without_req=0;trace_events=239,results/csv/runs/stage2/burst_burst_rate1.0_dur200_rate0p010_seed1_ack0.csv
baseline,burst,burst_rate2.0_dur200,1,16,16,5000,5000,0.0878,439,277,277,162,0,162,0.3690205,277,18.050542,0.0554,0.0554,254.281588,684,618,2493,9.0,277,0.0554,0,unexpected_output=0;duplicate_output=0;ack_without_req=0;trace_events=439,results/csv/runs/stage2/burst_burst_rate2.0_dur200_rate0p010_seed1_ack0.csv
baseline,burst,burst_rate2.0_dur500,1,16,16,5000,5000,0.2064,1032,407,407,625,0,625,0.60562016,407,12.285012,0.0814,0.0814,366.267813,1100,889,3663,9.0,407,0.0814,0,unexpected_output=0;duplicate_output=0;ack_without_req=0;trace_events=1032,results/csv/runs/stage2/burst_burst_rate2.0_dur500_rate0p010_seed1_ack0.csv
baseline,burst,burst_rate4.0_dur200,1,16,16,5000,5000,0.1678,839,323,323,516,0,516,0.61501788,323,15.479876,0.0646,0.0646,328.065015,839,747,2907,9.0,323,0.0646,0,unexpected_output=0;duplicate_output=0;ack_without_req=0;trace_events=839,results/csv/runs/stage2/burst_burst_rate4.0_dur200_rate0p010_seed1_ack0.csv
baseline,hotspot,4x4_p80_rate0.05,1,16,16,5000,5000,0.0482,241,241,241,0,0,0,0.0,241,20.746888,0.0482,0.0482,2.116183,4,3,2169,9.0,241,0.0482,0,unexpected_output=0;duplicate_output=0;ack_without_req=0;trace_events=241,results/csv/runs/stage2/hotspot_4x4_p80_rate0.05_rate0p050_seed1_ack0.csv
baseline,hotspot,4x4_p80_rate0.05,2,16,16,5000,5000,0.0534,267,266,266,1,0,1,0.00374532,266,18.796992,0.0532,0.0532,2.285714,9,4,2394,9.0,266,0.0532,0,unexpected_output=0;duplicate_output=0;ack_without_req=0;trace_events=267,results/csv/runs/stage2/hotspot_4x4_p80_rate0.05_rate0p050_seed2_ack0.csv
baseline,hotspot,4x4_p80_rate0.05,3,16,16,5000,5000,0.0504,252,250,250,2,0,2,0.00793651,250,20.0,0.05,0.05,2.184,6,3,2250,9.0,250,0.05,0,unexpected_output=0;duplicate_output=0;ack_without_req=0;trace_events=252,results/csv/runs/stage2/hotspot_4x4_p80_rate0.05_rate0p050_seed3_ack0.csv
baseline,hotspot,4x4_p80_rate0.10,1,16,16,5000,5000,0.0984,492,488,488,4,0,4,0.00813008,488,10.245902,0.0976,0.0976,2.381148,10,4,4392,9.0,488,0.0976,0,unexpected_output=0;duplicate_output=0;ack_without_req=0;trace_events=492,results/csv/runs/stage2/hotspot_4x4_p80_rate0.10_rate0p100_seed1_ack0.csv
baseline,hotspot,4x4_p80_rate0.10,2,16,16,5000,5000,0.107,535,533,533,2,0,2,0.00373832,533,9.380863,0.1066,0.1066,2.444653,10,4,4797,9.0,533,0.1066,0,unexpected_output=0;duplicate_output=0;ack_without_req=0;trace_events=535,results/csv/runs/stage2/hotspot_4x4_p80_rate0.10_rate0p100_seed2_ack0.csv
baseline,hotspot,4x4_p80_rate0.10,3,16,16,5000,5000,0.0984,492,488,488,4,0,4,0.00813008,488,10.245902,0.0976,0.0976,2.383197,10,4,4392,9.0,488,0.0976,0,unexpected_output=0;duplicate_output=0;ack_without_req=0;trace_events=492,results/csv/runs/stage2/hotspot_4x4_p80_rate0.10_rate0p100_seed3_ack0.csv
baseline,hotspot,4x4_p80_rate0.20,1,16,16,5000,5000,0.1966,983,965,965,18,0,18,0.01831129,965,5.181347,0.193,0.193,3.379275,26,8,8685,9.0,965,0.193,0,unexpected_output=0;duplicate_output=0;ack_without_req=0;trace_events=983,results/csv/runs/stage2/hotspot_4x4_p80_rate0.20_rate0p200_seed1_ack0.csv
baseline,hotspot,4x4_p80_rate0.20,2,16,16,5000,5002,0.1944,972,958,958,14,0,14,0.01440329,958,5.221294,0.1914,0.19152339,3.305846,21,8,8622,9.0,958,0.19152339,0,unexpected_output=0;duplicate_output=0;ack_without_req=0;trace_events=972,results/csv/runs/stage2/hotspot_4x4_p80_rate0.20_rate0p200_seed2_ack0.csv
baseline,hotspot,4x4_p80_rate0.20,3,16,16,5000,5005,0.1954,977,959,959,18,0,18,0.01842375,959,5.218978,0.1914,0.19160839,3.191867,32,7,8631,9.0,959,0.19160839,0,unexpected_output=0;duplicate_output=0;ack_without_req=0;trace_events=977,results/csv/runs/stage2/hotspot_4x4_p80_rate0.20_rate0p200_seed3_ack0.csv
baseline,hotspot,4x4_p80_rate0.40,1,16,16,5000,5017,0.406,2030,1647,1647,383,0,383,0.18866995,1647,3.046145,0.3282,0.32828383,14.815422,175,47,14823,9.0,1647,0.32828383,0,unexpected_output=0;duplicate_output=0;ack_without_req=0;trace_events=2030,results/csv/runs/stage2/hotspot_4x4_p80_rate0.40_rate0p400_seed1_ack0.csv
baseline,hotspot,4x4_p80_rate0.40,2,16,16,5000,5005,0.4062,2031,1642,1642,389,0,389,0.19153127,1642,3.048112,0.328,0.32807193,14.096833,141,46,14778,9.0,1642,0.32807193,0,unexpected_output=0;duplicate_output=0;ack_without_req=0;trace_events=2031,results/csv/runs/stage2/hotspot_4x4_p80_rate0.40_rate0p400_seed2_ack0.csv
baseline,hotspot,4x4_p80_rate0.40,3,16,16,5000,5027,0.4108,2054,1658,1658,396,0,396,0.19279455,1658,3.031966,0.3298,0.32981898,14.6731,124,47,14922,9.0,1658,0.32981898,0,unexpected_output=0;duplicate_output=0;ack_without_req=0;trace_events=2054,results/csv/runs/stage2/hotspot_4x4_p80_rate0.40_rate0p400_seed3_ack0.csv
baseline,hotspot,4x4_p80_rate0.80,1,16,16,5000,5017,0.798,3990,1672,1672,2318,0,2318,0.58095238,1672,3.000598,0.3332,0.33326689,43.790072,504,149,15048,9.0,1672,0.33326689,0,unexpected_output=0;duplicate_output=0;ack_without_req=0;trace_events=3990,results/csv/runs/stage2/hotspot_4x4_p80_rate0.80_rate0p800_seed1_ack0.csv
baseline,hotspot,4x4_p80_rate0.80,2,16,16,5000,5055,0.803,4015,1684,1684,2331,0,2331,0.58057285,1684,3.001781,0.3332,0.33313551,46.296912,797,173,15156,9.0,1684,0.33313551,0,unexpected_output=0;duplicate_output=0;ack_without_req=0;trace_events=4015,results/csv/runs/stage2/hotspot_4x4_p80_rate0.80_rate0p800_seed2_ack0.csv
baseline,hotspot,4x4_p80_rate0.80,3,16,16,5000,5053,0.797,3985,1684,1684,2301,0,2301,0.57741531,1684,3.000594,0.3332,0.33326737,48.004751,949,172,15156,9.0,1684,0.33326737,0,unexpected_output=0;duplicate_output=0;ack_without_req=0;trace_events=3985,results/csv/runs/stage2/hotspot_4x4_p80_rate0.80_rate0p800_seed3_ack0.csv
baseline,locality,region16x16_rate0.20,1,16,16,5000,5005,0.1976,988,987,987,1,0,1,0.00101215,987,5.070922,0.197,0.1972028,3.394124,17,8,8883,9.0,987,0.1972028,0,unexpected_output=0;duplicate_output=0;ack_without_req=0;trace_events=988,results/csv/runs/stage2/locality_region16x16_rate0.20_rate0p200_seed1_ack0.csv
baseline,locality,region16x16_rate0.20,2,16,16,5000,5000,0.2034,1017,1016,1016,1,0,1,0.00098328,1016,4.92126,0.2032,0.2032,3.755906,37,9,9144,9.0,1016,0.2032,0,unexpected_output=0;duplicate_output=0;ack_without_req=0;trace_events=1017,results/csv/runs/stage2/locality_region16x16_rate0.20_rate0p200_seed2_ack0.csv
baseline,locality,region16x16_rate0.20,3,16,16,5000,5003,0.202,1010,1009,1009,1,0,1,0.0009901,1009,4.958375,0.2016,0.20167899,3.407334,24,8,9081,9.0,1009,0.20167899,0,unexpected_output=0;duplicate_output=0;ack_without_req=0;trace_events=1010,results/csv/runs/stage2/locality_region16x16_rate0.20_rate0p200_seed3_ack0.csv
baseline,locality,region2x2_rate0.20,1,16,16,5000,5005,0.1976,988,905,905,83,0,83,0.0840081,905,5.530387,0.1806,0.18081918,2.744751,11,5,8145,9.0,905,0.18081918,0,unexpected_output=0;duplicate_output=0;ack_without_req=0;trace_events=988,results/csv/runs/stage2/locality_region2x2_rate0.20_rate0p200_seed1_ack0.csv
baseline,locality,region2x2_rate0.20,2,16,16,5000,5000,0.2034,1017,917,917,100,0,100,0.09832842,917,5.452563,0.1834,0.1834,2.818975,16,6,8253,9.0,917,0.1834,0,unexpected_output=0;duplicate_output=0;ack_without_req=0;trace_events=1017,results/csv/runs/stage2/locality_region2x2_rate0.20_rate0p200_seed2_ack0.csv
baseline,locality,region2x2_rate0.20,3,16,16,5000,5003,0.202,1010,933,933,77,0,77,0.07623762,933,5.362272,0.1864,0.18648811,2.770632,13,6,8397,9.0,933,0.18648811,0,unexpected_output=0;duplicate_output=0;ack_without_req=0;trace_events=1010,results/csv/runs/stage2/locality_region2x2_rate0.20_rate0p200_seed3_ack0.csv
baseline,locality,region4x4_rate0.20,1,16,16,5000,5005,0.1976,988,961,961,27,0,27,0.02732794,961,5.208117,0.1918,0.19200799,3.183143,20,7,8649,9.0,961,0.19200799,0,unexpected_output=0;duplicate_output=0;ack_without_req=0;trace_events=988,results/csv/runs/stage2/locality_region4x4_rate0.20_rate0p200_seed1_ack0.csv
baseline,locality,region4x4_rate0.20,2,16,16,5000,5000,0.2034,1017,991,991,26,0,26,0.02556539,991,5.045409,0.1982,0.1982,3.509586,34,9,8919,9.0,991,0.1982,0,unexpected_output=0;duplicate_output=0;ack_without_req=0;trace_events=1017,results/csv/runs/stage2/locality_region4x4_rate0.20_rate0p200_seed2_ack0.csv
baseline,locality,region4x4_rate0.20,3,16,16,5000,5003,0.202,1010,988,988,22,0,22,0.02178218,988,5.063765,0.1974,0.19748151,3.16498,25,7,8892,9.0,988,0.19748151,0,unexpected_output=0;duplicate_output=0;ack_without_req=0;trace_events=1010,results/csv/runs/stage2/locality_region4x4_rate0.20_rate0p200_seed3_ack0.csv
baseline,locality,region8x8_rate0.20,1,16,16,5000,5005,0.1976,988,984,984,4,0,4,0.00404858,984,5.086382,0.1964,0.1966034,3.389228,20,8,8856,9.0,984,0.1966034,0,unexpected_output=0;duplicate_output=0;ack_without_req=0;trace_events=988,results/csv/runs/stage2/locality_region8x8_rate0.20_rate0p200_seed1_ack0.csv
baseline,locality,region8x8_rate0.20,2,16,16,5000,5000,0.2034,1017,1009,1009,8,0,8,0.00786627,1009,4.955401,0.2018,0.2018,3.658077,38,9,9081,9.0,1009,0.2018,0,unexpected_output=0;duplicate_output=0;ack_without_req=0;trace_events=1017,results/csv/runs/stage2/locality_region8x8_rate0.20_rate0p200_seed2_ack0.csv
baseline,locality,region8x8_rate0.20,3,16,16,5000,5003,0.202,1010,1005,1005,5,0,5,0.0049505,1005,4.978109,0.2008,0.20087947,3.375124,30,8,9045,9.0,1005,0.20087947,0,unexpected_output=0;duplicate_output=0;ack_without_req=0;trace_events=1010,results/csv/runs/stage2/locality_region8x8_rate0.20_rate0p200_seed3_ack0.csv
baseline,poisson,lambda0.05,1,16,16,5000,5000,0.0518,259,259,259,0,0,0,0.0,259,19.305019,0.0518,0.0518,2.216216,8,4,2331,9.0,259,0.0518,0,unexpected_output=0;duplicate_output=0;ack_without_req=0;trace_events=259,results/csv/runs/stage2/poisson_lambda0.05_rate0p050_seed1_ack0.csv
baseline,poisson,lambda0.05,2,16,16,5000,5000,0.0514,257,257,257,0,0,0,0.0,257,19.455253,0.0514,0.0514,2.206226,7,4,2313,9.0,257,0.0514,0,unexpected_output=0;duplicate_output=0;ack_without_req=0;trace_events=257,results/csv/runs/stage2/poisson_lambda0.05_rate0p050_seed2_ack0.csv
baseline,poisson,lambda0.05,3,16,16,5000,5000,0.0476,238,238,238,0,0,0,0.0,238,21.008403,0.0476,0.0476,2.193277,6,4,2142,9.0,238,0.0476,0,unexpected_output=0;duplicate_output=0;ack_without_req=0;trace_events=238,results/csv/runs/stage2/poisson_lambda0.05_rate0p050_seed3_ack0.csv
baseline,poisson,lambda0.10,1,16,16,5000,5002,0.0984,492,492,492,0,0,0,0.0,492,10.166667,0.0982,0.09836066,2.603659,11,6,4428,9.0,492,0.09836066,0,unexpected_output=0;duplicate_output=0;ack_without_req=0;trace_events=492,results/csv/runs/stage2/poisson_lambda0.10_rate0p100_seed1_ack0.csv
baseline,poisson,lambda0.10,2,16,16,5000,5000,0.1074,537,536,536,1,0,1,0.0018622,536,9.328358,0.1072,0.1072,2.645522,15,5,4824,9.0,536,0.1072,0,unexpected_output=0;duplicate_output=0;ack_without_req=0;trace_events=537,results/csv/runs/stage2/poisson_lambda0.10_rate0p100_seed2_ack0.csv
baseline,poisson,lambda0.10,3,16,16,5000,5000,0.0954,477,477,477,0,0,0,0.0,477,10.48218,0.0954,0.0954,2.57652,11,5,4293,9.0,477,0.0954,0,unexpected_output=0;duplicate_output=0;ack_without_req=0;trace_events=477,results/csv/runs/stage2/poisson_lambda0.10_rate0p100_seed3_ack0.csv
baseline,poisson,lambda0.20,1,16,16,5000,5000,0.2028,1014,1011,1011,3,0,3,0.00295858,1011,4.945598,0.2022,0.2022,4.011869,25,11,9099,9.0,1011,0.2022,0,unexpected_output=0;duplicate_output=0;ack_without_req=0;trace_events=1014,results/csv/runs/stage2/poisson_lambda0.20_rate0p200_seed1_ack0.csv
baseline,poisson,lambda0.20,2,16,16,5000,5000,0.2014,1007,1004,1004,3,0,3,0.00297915,1004,4.98008,0.2008,0.2008,3.982072,37,10,9036,9.0,1004,0.2008,0,unexpected_output=0;duplicate_output=0;ack_without_req=0;trace_events=1007,results/csv/runs/stage2/poisson_lambda0.20_rate0p200_seed2_ack0.csv
baseline,poisson,lambda0.20,3,16,16,5000,5000,0.199,995,992,992,3,0,3,0.00301508,992,5.040323,0.1984,0.1984,4.311492,37,12,8928,9.0,992,0.1984,0,unexpected_output=0;duplicate_output=0;ack_without_req=0;trace_events=995,results/csv/runs/stage2/poisson_lambda0.20_rate0p200_seed3_ack0.csv
baseline,poisson,lambda0.40,1,16,16,5000,5105,0.389,1945,1701,1701,244,0,244,0.12544987,1701,3.001176,0.3332,0.33320274,101.093474,1007,368,15309,9.0,1701,0.33320274,0,unexpected_output=0;duplicate_output=0;ack_without_req=0;trace_events=1945,results/csv/runs/stage2/poisson_lambda0.40_rate0p400_seed1_ack0.csv
baseline,poisson,lambda0.40,2,16,16,5000,5110,0.3916,1958,1703,1703,255,0,255,0.13023493,1703,3.000587,0.3332,0.3332681,98.163241,891,331,15327,9.0,1703,0.3332681,0,unexpected_output=0;duplicate_output=0;ack_without_req=0;trace_events=1958,results/csv/runs/stage2/poisson_lambda0.40_rate0p400_seed2_ack0.csv
baseline,poisson,lambda0.40,3,16,16,5000,5100,0.3984,1992,1697,1697,295,0,295,0.14809237,1697,3.005303,0.3328,0.3327451,117.168533,1170,402,15273,9.0,1697,0.3327451,0,unexpected_output=0;duplicate_output=0;ack_without_req=0;trace_events=1992,results/csv/runs/stage2/poisson_lambda0.40_rate0p400_seed3_ack0.csv
baseline,poisson,lambda0.80,1,16,16,5000,5492,0.7948,3974,1830,1830,2144,0,2144,0.53950679,1830,3.001093,0.3332,0.33321194,399.267213,1983,1031,16470,9.0,1830,0.33321194,0,unexpected_output=0;duplicate_output=0;ack_without_req=0;trace_events=3974,results/csv/runs/stage2/poisson_lambda0.80_rate0p800_seed1_ack0.csv
baseline,poisson,lambda0.80,2,16,16,5000,5446,0.794,3970,1815,1815,2155,0,2155,0.54282116,1815,3.000551,0.3332,0.33327213,402.47989,2216,1068,16335,9.0,1815,0.33327213,0,unexpected_output=0;duplicate_output=0;ack_without_req=0;trace_events=3970,results/csv/runs/stage2/poisson_lambda0.80_rate0p800_seed2_ack0.csv
baseline,poisson,lambda0.80,3,16,16,5000,5453,0.8036,4018,1817,1817,2201,0,2201,0.54778497,1817,3.001101,0.3332,0.33321108,400.744634,2291,978,16353,9.0,1817,0.33321108,0,unexpected_output=0;duplicate_output=0;ack_without_req=0;trace_events=4018,results/csv/runs/stage2/poisson_lambda0.80_rate0p800_seed3_ack0.csv
baseline,poisson,lambda1.20,1,16,16,5000,5567,1.1862,5931,1855,1855,4076,0,4076,0.68723655,1855,3.001078,0.3332,0.33321358,510.116442,2250,1274,16695,9.0,1855,0.33321358,0,unexpected_output=0;duplicate_output=0;ack_without_req=0;trace_events=5931,results/csv/runs/stage2/poisson_lambda1.20_rate1p200_seed1_ack0.csv
baseline,poisson,lambda1.20,2,16,16,5000,5521,1.1846,5923,1840,1840,4083,0,4083,0.68934661,1840,3.000543,0.3332,0.33327296,505.850543,2576,1292,16560,9.0,1840,0.33327296,0,unexpected_output=0;duplicate_output=0;ack_without_req=0;trace_events=5923,results/csv/runs/stage2/poisson_lambda1.20_rate1p200_seed2_ack0.csv
baseline,poisson,lambda1.20,3,16,16,5000,5525,1.201,6005,1841,1841,4164,0,4164,0.69342215,1841,3.001086,0.3332,0.33321267,507.548072,2279,1339,16569,9.0,1841,0.33321267,0,unexpected_output=0;duplicate_output=0;ack_without_req=0;trace_events=6005,results/csv/runs/stage2/poisson_lambda1.20_rate1p200_seed3_ack0.csv
baseline,simultaneous,count16,1,16,16,5000,5000,0.0032,16,16,16,0,0,0,0.0,16,312.5,0.0032,0.0032,24.5,47,47,144,9.0,16,0.0032,0,unexpected_output=0;duplicate_output=0;ack_without_req=0;trace_events=16,results/csv/runs/stage2/simultaneous_count16_rate0p003_seed1_ack0.csv
baseline,simultaneous,count32,1,16,16,5000,5000,0.0064,32,32,32,0,0,0,0.0,32,156.25,0.0064,0.0064,48.5,95,92,288,9.0,32,0.0064,0,unexpected_output=0;duplicate_output=0;ack_without_req=0;trace_events=32,results/csv/runs/stage2/simultaneous_count32_rate0p006_seed1_ack0.csv
baseline,simultaneous,count4,1,16,16,5000,5000,0.0008,4,4,4,0,0,0,0.0,4,1250.0,0.0008,0.0008,6.5,11,11,36,9.0,4,0.0008,0,unexpected_output=0;duplicate_output=0;ack_without_req=0;trace_events=4,results/csv/runs/stage2/simultaneous_count4_rate0p001_seed1_ack0.csv
baseline,simultaneous,count64,1,16,16,5000,5000,0.0128,64,64,64,0,0,0,0.0,64,78.125,0.0128,0.0128,96.5,191,182,576,9.0,64,0.0128,0,unexpected_output=0;duplicate_output=0;ack_without_req=0;trace_events=64,results/csv/runs/stage2/simultaneous_count64_rate0p013_seed1_ack0.csv
baseline,simultaneous,count8,1,16,16,5000,5000,0.0016,8,8,8,0,0,0,0.0,8,625.0,0.0016,0.0016,12.5,23,23,72,9.0,8,0.0016,0,unexpected_output=0;duplicate_output=0;ack_without_req=0;trace_events=8,results/csv/runs/stage2/simultaneous_count8_rate0p002_seed1_ack0.csv
baseline,sparse,uniform_rate0p01,1,16,16,5000,5000,0.0078,39,39,39,0,0,0,0.0,39,128.205128,0.0078,0.0078,2.025641,3,2,351,9.0,39,0.0078,0,unexpected_output=0;duplicate_output=0;ack_without_req=0;trace_events=39,results/csv/runs/stage2/sparse_uniform_rate0p01_rate0p010_seed1_ack0.csv
baseline,uniform,ack_delay_1,1,16,16,5000,5013,0.1976,988,985,985,3,0,3,0.00303644,985,5.08934,0.1964,0.19648913,7.435533,62,20,8865,9.0,1970,0.39297826,1,unexpected_output=0;duplicate_output=0;ack_without_req=0;trace_events=988,results/csv/runs/stage2/uniform_ack_delay_1_rate0p200_seed1_ack1.csv
baseline,uniform,ack_delay_2,1,16,16,5000,5039,0.1976,988,971,971,17,0,17,0.01720648,971,5.189495,0.1926,0.19269696,30.987642,340,101,8739,9.0,2913,0.57809089,2,unexpected_output=0;duplicate_output=0;ack_without_req=0;trace_events=988,results/csv/runs/stage2/uniform_ack_delay_2_rate0p200_seed1_ack2.csv
baseline,uniform,ack_delay_4,1,16,16,5000,5519,0.1976,988,788,788,200,0,200,0.20242915,788,7.003807,0.1428,0.14277949,352.585025,3055,1097,7092,9.0,3940,0.71389745,4,unexpected_output=0;duplicate_output=0;ack_without_req=0;trace_events=988,results/csv/runs/stage2/uniform_ack_delay_4_rate0p200_seed1_ack4.csv
baseline,uniform,ack_delay_8,1,16,16,5000,6513,0.1976,988,592,592,396,0,396,0.40080972,592,11.001689,0.0908,0.09089513,1031.695946,6136,2769,5328,9.0,5328,0.8180562,8,unexpected_output=0;duplicate_output=0;ack_without_req=0;trace_events=988,results/csv/runs/stage2/uniform_ack_delay_8_rate0p200_seed1_ack8.csv
baseline,uniform,rate0.01,1,16,16,5000,5000,0.0078,39,39,39,0,0,0,0.0,39,128.205128,0.0078,0.0078,2.025641,3,2,351,9.0,39,0.0078,0,unexpected_output=0;duplicate_output=0;ack_without_req=0;trace_events=39,results/csv/runs/stage2/uniform_rate0.01_rate0p010_seed1_ack0.csv
baseline,uniform,rate0.01,2,16,16,5000,5000,0.0102,51,51,51,0,0,0,0.0,51,98.039216,0.0102,0.0102,2.058824,4,2,459,9.0,51,0.0102,0,unexpected_output=0;duplicate_output=0;ack_without_req=0;trace_events=51,results/csv/runs/stage2/uniform_rate0.01_rate0p010_seed2_ack0.csv
baseline,uniform,rate0.01,3,16,16,5000,5000,0.0088,44,44,44,0,0,0,0.0,44,113.636364,0.0088,0.0088,2.045455,3,2,396,9.0,44,0.0088,0,unexpected_output=0;duplicate_output=0;ack_without_req=0;trace_events=44,results/csv/runs/stage2/uniform_rate0.01_rate0p010_seed3_ack0.csv
baseline,uniform,rate0.05,1,16,16,5000,5003,0.0482,241,241,241,0,0,0,0.0,241,20.759336,0.048,0.0481711,2.145228,5,3,2169,9.0,241,0.0481711,0,unexpected_output=0;duplicate_output=0;ack_without_req=0;trace_events=241,results/csv/runs/stage2/uniform_rate0.05_rate0p050_seed1_ack0.csv
baseline,uniform,rate0.05,2,16,16,5000,5000,0.052,260,260,260,0,0,0,0.0,260,19.230769,0.052,0.052,2.226923,7,4,2340,9.0,260,0.052,0,unexpected_output=0;duplicate_output=0;ack_without_req=0;trace_events=260,results/csv/runs/stage2/uniform_rate0.05_rate0p050_seed2_ack0.csv
baseline,uniform,rate0.05,3,16,16,5000,5003,0.0506,253,253,253,0,0,0,0.0,253,19.774704,0.0504,0.05056966,2.181818,7,3,2277,9.0,253,0.05056966,0,unexpected_output=0;duplicate_output=0;ack_without_req=0;trace_events=253,results/csv/runs/stage2/uniform_rate0.05_rate0p050_seed3_ack0.csv
baseline,uniform,rate0.10,1,16,16,5000,5000,0.0974,487,487,487,0,0,0,0.0,487,10.26694,0.0974,0.0974,2.367556,7,4,4383,9.0,487,0.0974,0,unexpected_output=0;duplicate_output=0;ack_without_req=0;trace_events=487,results/csv/runs/stage2/uniform_rate0.10_rate0p100_seed1_ack0.csv
baseline,uniform,rate0.10,2,16,16,5000,5002,0.1042,521,521,521,0,0,0,0.0,521,9.600768,0.104,0.10415834,2.397313,10,4,4689,9.0,521,0.10415834,0,unexpected_output=0;duplicate_output=0;ack_without_req=0;trace_events=521,results/csv/runs/stage2/uniform_rate0.10_rate0p100_seed2_ack0.csv
baseline,uniform,rate0.10,3,16,16,5000,5001,0.0974,487,487,487,0,0,0,0.0,487,10.268994,0.0974,0.09738052,2.361396,9,4,4383,9.0,487,0.09738052,0,unexpected_output=0;duplicate_output=0;ack_without_req=0;trace_events=487,results/csv/runs/stage2/uniform_rate0.10_rate0p100_seed3_ack0.csv
baseline,uniform,rate0.20,1,16,16,5000,5005,0.1976,988,987,987,1,0,1,0.00101215,987,5.070922,0.197,0.1972028,3.394124,17,8,8883,9.0,987,0.1972028,0,unexpected_output=0;duplicate_output=0;ack_without_req=0;trace_events=988,results/csv/runs/stage2/uniform_rate0.20_rate0p200_seed1_ack0.csv
baseline,uniform,rate0.20,2,16,16,5000,5000,0.2034,1017,1016,1016,1,0,1,0.00098328,1016,4.92126,0.2032,0.2032,3.755906,37,9,9144,9.0,1016,0.2032,0,unexpected_output=0;duplicate_output=0;ack_without_req=0;trace_events=1017,results/csv/runs/stage2/uniform_rate0.20_rate0p200_seed2_ack0.csv
baseline,uniform,rate0.20,3,16,16,5000,5003,0.202,1010,1009,1009,1,0,1,0.0009901,1009,4.958375,0.2016,0.20167899,3.407334,24,8,9081,9.0,1009,0.20167899,0,unexpected_output=0;duplicate_output=0;ack_without_req=0;trace_events=1010,results/csv/runs/stage2/uniform_rate0.20_rate0p200_seed3_ack0.csv
baseline,uniform,rate0.30,1,16,16,5000,5011,0.2968,1484,1468,1468,16,0,16,0.01078167,1468,3.413488,0.2928,0.2929555,9.55654,163,33,13212,9.0,1468,0.2929555,0,unexpected_output=0;duplicate_output=0;ack_without_req=0;trace_events=1484,results/csv/runs/stage2/uniform_rate0.30_rate0p300_seed1_ack0.csv
baseline,uniform,rate0.30,2,16,16,5000,5021,0.3042,1521,1504,1504,17,0,17,0.01117686,1504,3.338431,0.2994,0.29954192,9.756649,89,30,13536,9.0,1504,0.29954192,0,unexpected_output=0;duplicate_output=0;ack_without_req=0;trace_events=1521,results/csv/runs/stage2/uniform_rate0.30_rate0p300_seed2_ack0.csv
baseline,uniform,rate0.30,3,16,16,5000,5005,0.295,1475,1466,1466,9,0,9,0.00610169,1466,3.414052,0.2928,0.29290709,8.229195,83,24,13194,9.0,1466,0.29290709,0,unexpected_output=0;duplicate_output=0;ack_without_req=0;trace_events=1475,results/csv/runs/stage2/uniform_rate0.30_rate0p300_seed3_ack0.csv
baseline,uniform,rate0.40,1,16,16,5000,5143,0.4004,2002,1710,1710,292,0,292,0.14585415,1710,3.007602,0.3324,0.33249076,106.238596,931,340,15390,9.0,1710,0.33249076,0,unexpected_output=0;duplicate_output=0;ack_without_req=0;trace_events=2002,results/csv/runs/stage2/uniform_rate0.40_rate0p400_seed1_ack0.csv
baseline,uniform,rate0.40,2,16,16,5000,5102,0.397,1985,1696,1696,289,0,289,0.14559194,1696,3.008255,0.3324,0.33241866,107.135024,1188,360,15264,9.0,1696,0.33241866,0,unexpected_output=0;duplicate_output=0;ack_without_req=0;trace_events=1985,results/csv/runs/stage2/uniform_rate0.40_rate0p400_seed2_ack0.csv
baseline,uniform,rate0.40,3,16,16,5000,5182,0.416,2080,1727,1727,353,0,353,0.16971154,1727,3.000579,0.3332,0.33326901,134.98784,1141,463,15543,9.0,1727,0.33326901,0,unexpected_output=0;duplicate_output=0;ack_without_req=0;trace_events=2080,results/csv/runs/stage2/uniform_rate0.40_rate0p400_seed3_ack0.csv
baseline,uniform,rate0.60,1,16,16,5000,5356,0.5944,2972,1785,1785,1187,0,1187,0.39939435,1785,3.00056,0.3332,0.3332711,300.336695,2195,884,16065,9.0,1785,0.3332711,0,unexpected_output=0;duplicate_output=0;ack_without_req=0;trace_events=2972,results/csv/runs/stage2/uniform_rate0.60_rate0p600_seed1_ack0.csv
baseline,uniform,rate0.60,2,16,16,5000,5324,0.6,3000,1773,1773,1227,0,1227,0.409,1773,3.00282,0.333,0.33302029,309.118443,2175,905,15957,9.0,1773,0.33302029,0,unexpected_output=0;duplicate_output=0;ack_without_req=0;trace_events=3000,results/csv/runs/stage2/uniform_rate0.60_rate0p600_seed2_ack0.csv
baseline,uniform,rate0.60,3,16,16,5000,5338,0.607,3035,1779,1779,1256,0,1256,0.41383855,1779,3.000562,0.3332,0.33327089,307.614952,1875,929,16011,9.0,1779,0.33327089,0,unexpected_output=0;duplicate_output=0;ack_without_req=0;trace_events=3035,results/csv/runs/stage2/uniform_rate0.60_rate0p600_seed3_ack0.csv
baseline,uniform,rate0.80,1,16,16,5000,5413,0.802,4010,1804,1804,2206,0,2206,0.55012469,1804,3.000554,0.3332,0.33327175,406.143016,2288,1016,16236,9.0,1804,0.33327175,0,unexpected_output=0;duplicate_output=0;ack_without_req=0;trace_events=4010,results/csv/runs/stage2/uniform_rate0.80_rate0p800_seed1_ack0.csv
baseline,uniform,rate0.80,2,16,16,5000,5493,0.8018,4009,1830,1830,2179,0,2179,0.54352706,1830,3.001639,0.3332,0.33315128,409.66776,1864,1040,16470,9.0,1830,0.33315128,0,unexpected_output=0;duplicate_output=0;ack_without_req=0;trace_events=4009,results/csv/runs/stage2/uniform_rate0.80_rate0p800_seed2_ack0.csv
baseline,uniform,rate0.80,3,16,16,5000,5452,0.7968,3984,1817,1817,2167,0,2167,0.5439257,1817,3.00055,0.3332,0.33327219,401.059989,2748,1022,16353,9.0,1817,0.33327219,0,unexpected_output=0;duplicate_output=0;ack_without_req=0;trace_events=3984,results/csv/runs/stage2/uniform_rate0.80_rate0p800_seed3_ack0.csv
baseline,uniform,rate1.00,1,16,16,5000,5515,1.0,5000,1838,1838,3162,0,3162,0.6324,1838,3.000544,0.3332,0.33327289,465.010881,2158,1275,16542,9.0,1838,0.33327289,0,unexpected_output=0;duplicate_output=0;ack_without_req=0;trace_events=5000,results/csv/runs/stage2/uniform_rate1.00_rate1p000_seed1_ack0.csv
baseline,uniform,rate1.00,2,16,16,5000,5503,1.0,5000,1834,1834,3166,0,3166,0.6332,1834,3.000545,0.3332,0.33327276,470.212105,2312,1354,16506,9.0,1834,0.33327276,0,unexpected_output=0;duplicate_output=0;ack_without_req=0;trace_events=5000,results/csv/runs/stage2/uniform_rate1.00_rate1p000_seed2_ack0.csv
baseline,uniform,rate1.00,3,16,16,5000,5524,1.0,5000,1841,1841,3159,0,3159,0.6318,1841,3.000543,0.3332,0.33327299,469.944595,2463,1215,16569,9.0,1841,0.33327299,0,unexpected_output=0;duplicate_output=0;ack_without_req=0;trace_events=5000,results/csv/runs/stage2/uniform_rate1.00_rate1p000_seed3_ack0.csv
baseline,uniform,rate2.00,1,16,16,5000,5629,2.0,10000,1876,1876,8124,0,8124,0.8124,1876,3.000533,0.3332,0.33327412,588.584755,1566,811,16884,9.0,1876,0.33327412,0,unexpected_output=0;duplicate_output=0;ack_without_req=0;trace_events=10000,results/csv/runs/stage2/uniform_rate2.00_rate2p000_seed1_ack0.csv
baseline,uniform,rate2.00,2,16,16,5000,5671,2.0,10000,1890,1890,8110,0,8110,0.811,1890,3.000529,0.3332,0.33327455,592.197354,1579,908,17010,9.0,1890,0.33327455,0,unexpected_output=0;duplicate_output=0;ack_without_req=0;trace_events=10000,results/csv/runs/stage2/uniform_rate2.00_rate2p000_seed2_ack0.csv
baseline,uniform,rate2.00,3,16,16,5000,5647,2.0,10000,1882,1882,8118,0,8118,0.8118,1882,3.000531,0.3332,0.3332743,588.605739,1520,800,16938,9.0,1882,0.3332743,0,unexpected_output=0;duplicate_output=0;ack_without_req=0;trace_events=10000,results/csv/runs/stage2/uniform_rate2.00_rate2p000_seed3_ack0.csv
